id,token
062f90b3cf2f9dbe108ddc90df5f68fb,宝宝 爱 吃 鱼 妈咪 烹饪 有 妙方 tips 妈咪 巧选 新鲜 鱼肉 新鲜 的 鱼肉 其 营养 不易 流失 而且 味道 更加 鲜美 妈咪们 只要 掌握 个 要 点 就 能 选购 到 健康 美味 的 鱼肉 肉质 要 有 弹性 鱼un k 呈淡 红色 或 暗红色 眼球微 凸且 黑白 清晰 外观 完整 无鳞片 脱落 的 现象 无臭 腥味者 为 新鲜 的 tips 夏季 烹鱼 小妙 招 夏季 天气 炎 热 宝宝 容易 上火 烦躁 所以 在 准备 鱼类 料理 给 宝宝 食用 时 以 清蒸 水煮 的 烹调 方式 为 宜 少 用 油炸 一方面 是 因为 油炸 对于 宝宝 来说 过于 油腻 燥热 二来 是 油炸 后 会 使 肉质 变得 比较 硬 加上 油 又 会 延缓 胃 的 排空 不利 宝宝 消化 像 是 清蒸 鱼 鱼粥 鱼丸 鱼汤 青菜 炒 鱼片 等 都 是 适合 宝宝 的 料理 食谱 在 这里 小 编要 提醒 各位 妈咪 由于 鱼肉 本身 就 有 盐份 因此 调味 不宜 过 重 适量 即可 或 以 酱料 汤汁unk芡 的 方法 调味 tips 宝宝 不 爱 鱼腥味 个 妙 招巧 应对 姜 实验 表明 当 鱼 体浸 出液 的 ph值 为 时 放姜 去 腥 效果 最好 所以 妈 咪们 在 鱼肉 半 熟时 放姜 可以 有效 去 除鱼 腥味 湿淀 粉 如果 妈咪们 要 炸 鱼 可以 把 炸 过 鱼 的 油烧 热 经葱 姜 花椒 去 腥味 后 再 淋入 一些 调匀 的 稠湿淀 粉浆 醋 和 胡椒 粉 把 淡水 鱼剖 肚 洗 净 后 放 在 冷水 中 再 往水 中 倒入 少量 的 醋 和 胡椒 粉 这样 处理 后 的 淡水鱼 就 没有 了 土腥味 盐水 妈 咪 可用 克盐 和 公斤 水 把
27692469d45c95996e776d1901ff829d,焖子 的 做法 快 过年 了 我 看 大家 纷纷 献 厨艺 我 也 来掺 和 掺和 凑凑 热闹 推荐 一道 辽宁 绥中 的 家常 菜 这是 我 公公 婆婆 在 世时 每年 春节 必 做 的 一道 菜 现在 老人 走 了 这个 任务 就 落在 我们 老两口 身上 了 每年 我 要 用 斤 红薯粉 或 土豆 粉蒸 个 送 给 弟弟 妹妹 和 亲戚 一 是 表示 对 老人 的 怀念 二 是 家里人 都 非常 喜欢 吃 我 将 做法 告诉 大家 放 什么 料 随 您 的 口味 借 此 提前 给 乐龄 网 的 朋友们 拜年 啦 祝 大家 新春 快乐 做法 是 一 煮 好 肉 汤 排骨 汤 鸡汤 均 可 不 放 或 少放 盐 二 将 肉 汤煮 开 浇入 红薯粉 或 土豆 粉 边 浇边 搅 搅 到 浆糊状 即可 三 将 搅好 的 浆糊状 粉子 放入 一个 大盘 内 或 浅盆 内 抹 平 放 在 锅里 蒸 个 小时 四 焖子 放 凉待 用 五 吃 的 时候 将 焖子 切成 片 放入 大碗 里 中间 加入 葱丝 姜片 煮 成熟 的 五花肉 片 倒 上 酱油 可 根据 本人 口味 倒 多少 也 可 适量 少 放 一点 肉汤 上 锅蒸 分钟 出 锅 即可 食用 六 也 可以 炒 着 吃 大连 人 就 专门 做 炒 焖子 现 在 北京 春节 庙会 都 有 卖 的 将 焖子 切成 斜棱 块 锅 内放 油 油热 后 放入 葱丝 姜丝 也 可 加入 您 喜欢 的 青菜 如 青蒜 蒜苗 蒜黄 等 炒 焖子 最后 放酱 油 出 锅即 可 共 获得 积 分 共 条 评分
65754aaaf99e9f94fdde9f7c9dea05ef,標 簽 注 冊表 恢復 方法 怎么 恢復 注冊 表 如果 注冊 表 不 小心 刪除 或 出現 問 題 可以 通過 恢復 注冊表 的 方式 來解 決 下面 就 給 大家 分享 復 原注 冊表 的 操作 方法 操作 方法 如果 系統 的 注冊 表有 備份 的 完整 存 檔 我 們 可以 使用 系統 本身 備份 的 注冊表 文件 替 換現 有的 可以 直接 導入 注冊 表 有 注冊表 內容 的 文本 保存 格式 為 reg 是 注冊表 的 格式 之后 雙擊 就 導入 了 如果 電腦 還 能 進入 系 統 那么 單擊 開始 運行 或者 鍵盤 的 Win R 調 出運 行 輸入 cmd 打開 命令行 窗口 通過 copy 命令 將C windowssystem configRegBack 目錄 下 的 所有 文件 都 拷貝 到 C windowssystem config 目錄 下 然后 重啟 電腦 即可 解決 問題 如圖 所 示 如果 電腦 已 經 不 能 進入 系 統 我 們 可以 用 制作 的 U大俠 U盤 啟動 電腦 進入 到 WI NPE 然后 進行 上述 操作 也 是 可以 恢復 注冊表 的 還 可以 使用 Win 系 統 自帶 功能 還原 注冊 表 單 擊 開始 運行 或者 鍵盤 的 Win R 調 出運 行 輸 入regedit exe 打開 注冊 表編 輯器 如圖 所 示 在 菜單欄 中 單 擊 文件 導入 在 彈出 的 導入 注冊表 文件 對話 框 選擇 需要 還原 的 注冊表 文件 即 可還 原注 冊表 文件 稍 等 片刻 彈出 提示 信息 框 提示 成功 導入 注冊表 單擊 確定 按 鈕 完成 注冊表 的 還原 操作 如圖 所 示 相關 文章
74adde774f759737549d922ba2454b1c,N EWS 彩虹 图纸 文档 管理 平台 首页 一 按钮 创建 新 邮件 列表 创建 个 新 的 邮件 列表 输入 邮件 列表 名称 后 既 创建 成功 可以 导入 邮件 地址 到 该 列表 选择 导入 地址 的 文件 为 EXCL 文 档 二 创建 发送 新 邮件 管理员 先 选择 邮件 列表 然后 进入 邮件 内容 的 编辑 界面 编辑 完成 后 即可 发送 邮件 三 投递 任务 跟 踪 已经 发送 的 邮件 任务 效果 进行 跟踪 如 搜索 邮件 的 名称 列表 名称 日期 等 可以 及时 了解 到 已经 创建 的 邮件 的 状态 查看 投递 结果 等 操作 四 邮件 列表 可以 查 看到 所有 已建 邮件 列表 的 信息 并 可以 进行 管理 操作 管理 操作 如 针对 该 邮件 列表 导出 该 邮件 列表 中 的 地址 或 新 增新 地址 到 该 列表 等 五 创建 新 邮件 列表 创建 一个 新 的 邮件 列表 输入 邮件 列表 名称 后 既 创建 成功 可以 导入 邮件 地址 到 该 列表 选择 导入 地址 的 文件 为 EXC L文 档 六 邮件 列表 管理 导出 EXCEL 指 导出 该 邮件 列表 中 的 所有 邮件 地址 新 增单 个 地址 指 单独 添加 邮件 地址 到 该 邮件 列表 七 创建 邮件 列表 先 输入 新建 邮件 列表 的 名称 然后 导入 邮件 地址 选择 倒入 方式 选择 文件 EXCL 点击 导入 即可 八 邮件 创建 发送 新 邮件 指 管理员 先 选择 邮件 列表 然后 进入 邮什 内容 的 编辑界 向 编科 完成 后 即可 发送 邮件 九 新 邮件 选择 邮件 列 表 就是 选择 一一 个 已经 创建 的 邮件 列表 十 新 邮件 编辑 邮件 内容 编辑 邮件 内容 如 标题 也 能 编辑 html 邮件 底部 有 插入 附件 加入 退订 代码 加入 探针 代码 退订 成功 发送 道知 邮件 等 勾选 的 选项 预览 功能 十一 新 邮件 创建 成功 创建 成功 后 可以 立即 发送 邮件 发送 完毕 后 自动 跳转 到 该 邮件 列表 投递 任务 跟踪 的 页面 点 击返 回 则 转入 邮件 首页 用户 可以 对 已经 创建 的 邮件 操作 发送
787e0b6a97284bc34cc10b135e64b562,电 饼铛 烤鱼 的 做法 电 饼铛 是 个 神器 它 能 做 的 美食 真是 数不胜数 今天 我 来教 大家 用 电饼 铛烤 鱼 电饼 铛葱 油饼 的 做法 电 饼铛 葱油饼 的 做法 简单 是 电饼铛 食谱 的 常见 菜 不 一定 要 看 电饼 铛葱 油饼 视频 才能 学会 但 怎么 做 电饼 铛葱 油饼 最好 吃 跟着 做法 图解 来 做 这 道 电 电 饼铛 烤鱼 的 制作 方法 想 吃 烤鱼 没有 烧 烤炉 和 烤箱 的 吃货们 福利 来 了 小编 给 大家 介绍 一道 电饼 铛烤 鱼 让 你 分分钟 就 吃 到 美味 鲜香 的 烤鱼 食材 食谱 热量 大 卡 主料 面粉 适量 方法 步骤 放入 电饼 铛 中 烤制 时间 根据 饼 的 厚薄 定 两面 煎黄 即可 步骤 阅读 END 食材 食谱 热量 大 卡 主料 鸡蛋 个 辅料 食用 更 多 鸡蛋 美食 关注 鸡蛋 的 做法 大全 http www man 电 饼铛 美食 次 分享 第 期 浪漫 初夏 冰爽 一下 食材 食谱 热量 大 卡 主料 肉馅 适量 饺子 皮 可 买 成品 适量 辅料 酱油 先 把 电饼铛 预热 后 倒入 食用 油 将 包好 的 锅贴 整齐 摆 在 电饼 铛里 沿 锅边 倒些 用 水 小 编教 你 如何 用 电饼铛 做 好吃 的 早餐 薄脆 饼 电 饼铛 越来越 被 更 多 的 家人们 喜欢 每天 动手 做 下 不仅 可以 做出 脆酥香 的 饼子 而且 还 可以 做出 你 喜欢 吃 的 烧 烤 嘿嘿 说 家 常 菜 做法 大全 家 常菜 是 我们 生活 中 必不可少 的 掌握 食材 食谱 热量 大卡 主
816d28248bb4536f2e2421db890f83d7,首 頁 日常 零食饭 后 甜点 吃货 可 DIY 凤梨 酥 主料 低筋 面粉 g 菠萝 g 冬瓜 g 辅料 鸡蛋 g 奶粉 g 糖粉 g 黄油 g 猪油 g 调味 白糖 g 冰糖 g 盐 g 制作 步骤 菠萝 去 皮去 芯 用 淡盐 水浸 泡半 小时 之后 沥水 切成 小块 冬瓜 去 皮 去 籽 切 成 小块 将 冬瓜 菠萝 白糖 冰糖 依次 倒入 锅中 混合 静置 半 小时 之后 混合 果肉 会 出水 加入 适量 水 与 果肉 持平 即可 开 大火 煮沸 转 小 火煮 至 冬瓜 熟烂 取 份 的 果料 用料 理机 打成 蓉状 倒 回锅 中小 火 慢慢 翻炒 直 至 果料 炒到 较 干 可以 抱团 为止 待 冷却 后 均分 g 个 搓成 球状 将 黄油 切成 小 块 与 猪油室 温下 软化 分 三 次 加入 糖粉用 电动 打蛋器 打至 发白 体积 变大 将 鸡蛋 打 匀 分次 加入 粉盆 中 打 www rician s t w匀 低筋 面粉 奶粉 混合 筛入 面盆 中 切拌 均匀 揉成 表面 光泽 的 面团 将 面团 分成 每份 约 g 个 搓成 球状 取 一 份 按扁 包入 凤梨 馅 用 手掌 搓 圆 朝下 放置 做出 若干 生坯 摆入 烤盘 中 用 手轻轻 按 压 整理 成长 方块 烤箱 预热 度 上下火 中层 烤制 分钟 取
d372b7496fc9f37fed65a5c3dc66a15c,百 合虫 草杞子 鲍鱼 汤 原料 冬虫 夏草 g 枸 杞子 g 百 合 g 新鲜 鲍鱼 连 壳 只 生 姜 片 精盐 少许 制 作 将 鲍鱼壳 肉 分离 鲍 鱼壳 洗 干净 鲍鱼肉 去 污秽 粘连 部分 洗 净 切 成片 冬虫 夏草 百合 枸杞子 和 生姜 洗净 生姜 去 皮 切 片 将 鲍鱼壳 和 生姜片 放瓦 煲 中 加 清水 用 猛火 煲 分钟 去 鲍鱼 壳 加 冬虫 夏草 百合 枸杞子 和 鲍鱼 肉 改用 中火 继续 煲 小时 加少 许盐 调味 即可 食用 功 效 此 汤滋补 润燥 平 肝熄 风 补血 明目 适用 于 肝肾 阴虚 而 致 失眠 烦躁 恼怒 情绪 低落 心情 忧郁 胸闷 不 舒 高血压 等 蟹 肉清 汤 原料 蟹肉 g 熟火 腿片 g 短 菜远 g 笋 花 g 湿 冬菇片 g 淡 上 汤 m L 精盐 g 生 抽 m L 味 精 g 胡椒粉 g 花 生油 mL 制 作 将 笋花 湿冬 菇片 分别 用 沸水 烫 熟 滤 去 水 放入 汤 碗内 在 沸水 中 放入 油 和 精盐 g 把 短菜 远焯 至 熟 滤 去 水 放入 汤 碗内 将 蟹肉 用 沸水 烫 热 放入 汤 碗内 的 菜远 上面 火腿片 用 沸水 烫 热 放 在 蟹肉 上 撒 上 胡椒粉 洗 净 锅 放人 淡上 汤 调入 精盐 g 生 抽昧 精 待 汤烧沸 后
d83307c0814b34cd76ce232048ba0c45,首 頁 簡 單卻 美味 蒜 泥白 肉 蒜泥 白肉 是 一道 居家 即可 輕鬆 完成 的 料理 不 需 動用 爐灶 上 的 一 鍋 一 剷 也 不用 把 廚房 搞 得 熱氣 燻人 不 論 是 炎夏 的 涼菜 或是 年節 的 牲菜 都 非常 合適 蒜 泥 白肉 的 製作 如下 首先 準備 一 塊 帶皮 的 五花肉 放進 盆裡 加入 切段 的 蔥 薑片 數片 一些 紹興 酒 花 椒粒 把 五花肉 跟 醃料 抓 一 抓 讓 每 個 部位 接觸 到 醃料 然 後 整盆 放進 冰箱 靜置 分 鐘 讓肉 入味 然 後 整盆 放進 冰箱 靜置 分 鐘 讓肉 入味 主人 通常 都 會買 一 條 約 公克 的 五花肉 份 量足 夠兩人 吃 兩次 先 把 肉分 成兩 半 一起 醃 醃 好 後 再 將 另 一半 冷 凍 等 下次 要 用 時 再 解凍 先 把 肉分 成兩 半 一起 醃 醃 好 後 再 將 另 一半 冷 凍 等 下次 要 用 時 再 解凍 蒸 的 時候 必須 將 皮面 朝 下 放 進電 鍋蒸 分鐘 取 出放 涼 即可 拿來 拜拜 蒸 出來 的 肉汁 可以 拿 來煮 湯 讓湯 增添 淡淡 的 紹興 酒香 跟 肉味 食 用 時 得 先 把 豬皮片 掉 然 後 切片 餐 廳 通常 把 肉片 到 薄 可 鑑光 鋪 在 大盤 上 看起 來煞 有 介事 不 過 小 狸貓 覺 得 吃 肉 得 有 肉味 所以 都 片 得 稍厚 公分 另外 蒜泥 白肉 的 沾醬 也 是 好吃 的 秘訣 喔 先 將 數顆 大蒜 去 皮磨 成泥 加入 糖 香油 醬油膏 白醋 辣油 沙茶醬 然 後酌量 加入 少許 水 攪 拌均 勻 就 成為 好吃 的 不得了 的 蒜泥 醬 了 至於 剩下 的 豬皮 怎麼 辦
de966613fe6ac2f7413f46b9e3187033,莽 荒纪 基本 操作 初 入 莽荒纪 网页 游戏 您 一定 还 对 游戏 的 玩法 还 没有 概念 吧 那么 莽 荒纪 怎么 玩 如何 操作 呢 不要 急 让 小编 一一 为 您 解说 游戏 的 基本 操作 帮助 您 轻松 上道 人物 行 走 在 游戏 画面 中 你 所 控制 的 角色 位于 屏幕 中央 位置 附近 移动 位置 时 只 需 将 鼠标 移动 到 想到达 的 地方 点 一下 左键 即可 红 框 中 的 蓝色 标点 就是 制定 人物 要 到达 的 点 了 拾取 物品 地面 有 掉落 的 物品 时 走到 该 物品 旁 鼠 标变 成手 做 拾取 状 点击 鼠标 左键 即可 拾取 按 Z 可以 自动 拾取 物品 使用 道 具 点击 屏幕 下方 快 捷图 标栏 的 背包 图标 或 按快 捷键 B 打开 背包 界面 将 鼠 标移 到 道具 栏 中 的 某个 物品 上 可以 通过 鼠标 双击 或者 单击 在 打开 的 菜单 栏 中 选择 穿着 卸下 装备 丢弃 道具 选 定 背包 中 的 某个 物品 鼠标 单击 打开 菜单 栏 选择 丢弃 即可 丢弃 道 具 注 道 具 被 摧毁 后 将 不 能 恢复 请 谨慎 操作 基本 攻击 左键 点击 目标 即可 对 目标 进行 普通 攻击 使用 快捷 栏 中 技能 即可 对 怪物 进行 技能 攻击 按 相应 的 数字 键 即可 使用 对应 的 技能 与npc 对话 将 鼠标 停留 在 n pc 身上 点击 鼠标 左键 即可 与其 对话 寻找 NPC 点 击右 上角 的 图 或 使用 快捷键 M 打开 地图界 面 NPC 那里 就 会 显示 当前 地图 所有 的 NPC 点击 NPC 名字 就 可以 自动 寻 左键 菜 单 在 好友 菜单 里 用 鼠标 左键 点击 玩家 头像 或者 在 聊天 窗口 点击 玩家 的 名字 就 可以 选择 对话 交易 组队 查看 资料 等 功能 技能 升级 当 人物 开启 技能 升级 后 点击 S 键 可以 打开 技能 窗口 在 这里 玩家 可以 查询 自己 技能 信息 鼠标 左键 单击 升级 技能 可以 对 该 技能 进行 升级 快捷键 使用
ef3d64d685195c96fa530285e7f20d16,微信 天天 愛 消除 腳本 適 用于 越獄 的 IOS 使用者 説明 大家 在 天天 愛 消除 裡輕 鬆 拿 高 分 看看 這篇 微信 天天 愛 消除 腳本 使用 教程 能 不 能 幫到 你 吧 首先 你 要 在 Cydia 裡面 添加 一下 源 以iphone 為 例 在 管理 軟 體源 編輯 添加 中 輸 入源 位址 選 擇添 加源 即可 沒 有 越 獄 的 iphone 使用者 我 對不起 你 們 這個 方法 只 在 越獄 手機 上 有效 然 後 點擊 搜索 輸入 觸摸 精靈 安裝 觸摸 精靈 回到 桌面 進入 觸摸 精靈 並點 擊 一下 右上角 的 刷新 按 扭 這 一 步 很 重要 喲 不 照 做 的 話 就 找 不 到 下面 要 用 的 目錄 了 然 後點 擊這 裡 下載 我 們 要 用到 的 天天 愛 消除 腳本 將 手機 連 接itools 進入 檔案 系統 越 獄系 統 將 剛才 下載 的 天天 愛 消除 lua 腳本 放到 var touchelfscripts 目錄 下 如 下圖 然 後 拿起 手機 進入 觸摸 精靈 點 擊右 上角 的 刷新 按 扭 你 應該 就 可以 看到 腳本 了 選擇 它 然 後 在 出現 的 彈窗 中 選擇 迴圈 播放 播 放次 數 和 間隔 時間 都 設置 為 點 確定 搞定 了 現 在 你 只 需要 進入 天天 愛 消除 遊戲 在 遊戲 開始 後 點 擊手 機 的 音量 鍵 就 會 開始 運行 腳本 在 遊戲 結束 時點 音量 鍵 結束 腳本 腳 本 運行 的 期間 會類 比 你 消除 的 樣子 而且 速度 非常 快 為 了 避免 出 現閉 環 可以 時 不 時地 手動 消除 一下 隨便 用手 在 螢幕 上 亂摸 也 可以 啦 快 點下 載試 試 吧 本 站 文章 均 來 自網 絡 文章 內容 不 代表 本 站立 場 編 輯僅 做 翻譯 若 有 侵犯 您 權益 請 聯繫 編輯 處理
